PlayerId,1,2,3
ABro00,A.J. Brown,AJ Brown,
AGre00,A.J. Green,AJ Green,
APer00,A.T. Perry,AT Perry,
AJon00,Aaron Jones,,
ARod00,Aaron Rodgers,,
APre00,Adam Prentice,,
AThi00,Adam Thielen,,
ATra00,Adam Trautman,,
AOCo00,Aidan O'Connell,,
ADil00,AJ Dillon,A.J. Dillon,
AMcC00,AJ McCarron,A.J. McCarron,
AOkw00,Albert Okwuegbunam,,
AWil00,Albert Wilson,,
AIng00,Alec Ingold,,
APie00,Alec Pierce,,
AArm00,Alex Armah,Alex Armah Jr.,
ABac00,Alex Bachman,,
AEri00,Alex Erickson,,
AMat00,Alexander Mattison,,
ALaz00,Allen Lazard,,
ARob00,Allen Robinson,Allen Robinson II,
AKam00,Alvin Kamara,,
ACoo00,Amari Cooper,,
ARod01,Amari Rodgers,,
AAbd00,Ameer Abdullah,,
AStB00,Amon-Ra St. Brown,,
ACar00,Anders Carlson,,
ABac01,Andre Baccellia,,
ARob01,Andre Roberts,,
AIos00,Andrei Iosivas,,
ABec00,Andrew Beck,,
AOgl00,Andrew Ogletree,,
ADal00,Andy Dalton,,
AIsa00,Andy Isabella,,
ABro01,Anthony Brown,,
AFir00,Anthony Firkser,,
AMcF00,Anthony McFarland Jr.,Anthony McFarland,
ARic00,Anthony Richardson,,
ASch00,Anthony Schwartz,,
AGre01,Antoine Green,,
AGib00,Antonio Gibson,,
AWil01,Antonio Williams,,
ARog00,Armani Rogers,,
ADul00,Ashton Dulin,,
AAll00,Austin Allen,,
AEke00,Austin Ekeler,,
AHoo00,Austin Hooper,,
ASei00,Austin Seibert,,
ATra01,Austin Trammell,,
AWal00,Austin Walter,,
AWil02,Avery Williams,,
BZap00,Bailey Zappe,,
BMay00,Baker Mayfield,,
BBri00,Beau Brinkley,,
BEll00,Ben Ellefson,,
BMas00,Ben Mason,,
BSim00,Ben Sims,,
BSko00,Ben Skowronek,,
BSne00,Benny Snell Jr.,Benny Snell,
BRob00,Bijan Robinson,,
BVic00,Binjimen Victor,,
BGab00,Blaine Gabbert,,
BBel00,Blake Bell,,
BGru00,Blake Grupe,,
BWhi00,Blake Whiteheart,,
BMel00,Bo Melton,,
BSco00,Boston Scott,,
BRus00,Brady Russell,,
BBry00,Brandin Bryant,,
BCoo00,Brandin Cooks,,
BAiy00,Brandon Aiyuk,,
BAll00,Brandon Allen,,
BAub00,Brandon Aubrey,,
BBol00,Brandon Bolden,,
BDil00,Brandon Dillon,,
BJoh00,Brandon Johnson,,
BMcM00,Brandon McManus,,
BPow00,Brandon Powell,,
BZyl00,Brandon Zylstra,,
BBer00,Braxton Berrios,,
BWil00,Brayden Willis,,
BSan00,Braylon Sanders,,
BHal00,Breece Hall,,
BStr00,Brenton Strange,,
BPer00,Breshad Perriman,,
BMah00,Brett Maher,,
BRyp00,Brett Rypien,,
BJor00,Brevin Jordan,,
BHoy00,Brian Hoyer,,
BRob01,Brian Robinson Jr.,Brian Robinson,
BCov00,Britain Covey,,
BBro00,Brittain Brown,,
BPur00,Brock Purdy,,
BWri00,Brock Wright,,
BEdw00,Bryan Edwards,,
BKob00,Bryant Koback,,
BFor00,Bryce Ford-Wheaton,,
BPer01,Bryce Perkins,,
BYou00,Bryce Young,,
BHop00,Brycen Hopkins,,
BPri00,Byron Pringle,,
CBea00,C.J. Beathard,CJ Beathard,
CBoa00,C.J. Board,CJ Board,
CHam00,C.J. Ham,CJ Ham,
CStr00,C.J. Stroud,CJ Stroud,
CUzo00,C.J. Uzomah,CJ Uzomah,
CJoh00,Cade Johnson,,
COtt00,Cade Otton,,
CYor00,Cade York,,
CSan00,Cairo Santos,,
CHun00,Caleb Huntley,,
CShu00,Caleb Shudak,,
CAus00,Calvin Austin,Calvin Austin III,
CRid00,Calvin Ridley,,
CAke00,Cam Akers,,
CSim00,Cam Sims,,
CBra00,Cameron Brate,,
CDic00,Cameron Dicker,,
CLat00,Cameron Latu,,
CWen00,Carson Wentz,,
CKee00,Case Keenum,,
CTil00,Cedric Tillman,,
CWil00,Cedrick Wilson Jr.,Cedrick Wilson,
CLam00,CeeDee Lamb,,
CJoh01,Cephus Johnson,Cephus Johnson III,
CCar00,Cethan Carter,,
CHen00,Chad Henne,,
CRyl00,Chad Ryland,,
CJon00,Charlie Jones,,
CKol00,Charlie Kolar,,
CWoe00,Charlie Woerner,,
CAll00,Chase Allen,,
CBro00,Chase Brown,,
CCla00,Chase Claypool,,
CDan00,Chase Daniel,,
CEdm00,Chase Edmonds,,
CMcL00,Chase McLaughlin,,
CRog00,Chester Rogers,,
COko00,Chigoziem Okonkwo,,
CBla00,Chris Blair,,
CBos00,Chris Boswell,,
CBro01,Chris Brooks,,
CCon00,Chris Conley,,
CEva00,Chris Evans,,
CGod00,Chris Godwin,,
CMan00,Chris Manhertz,,
CMoo00,Chris Moore,,
CMya00,Chris Myarick,,
COla00,Chris Oladokun,,
COla01,Chris Olave,,
CPie00,Chris Pierce Jr.,Chris Pierce,
CRod00,Chris Rodriguez,Chris Rodriguez Jr.,
CStr01,Chris Streveler,,
CKir00,Christian Kirk,,
CMcC00,Christian McCaffrey,,
CWat00,Christian Watson,,
CHub00,Chuba Hubbard,,
CHar00,Clark Harris,,
CTun00,Clayton Tune,,
CEdw00,Clyde Edwards-Helaire,,
CHol00,Cody Hollister,,
CTho00,Cody Thompson,,
CWhi00,Cody White,,
CPar00,Colby Parkinson,,
CBea01,Cole Beasley,,
CKme00,Cole Kmet,,
CTur00,Cole Turner,,
CMcC01,Colt McCoy,,
CDow00,Colton Dowell,,
CHey00,Connor Heyward,,
CKup00,Cooper Kupp,,
CRus00,Cooper Rush,,
CPat00,Cordarrelle Patterson,,
CCle00,Corey Clement,,
CDav00,Corey Davis,,
CPow00,Cornell Powell,,
CSut00,Courtland Sutton,,
CRey00,Craig Reynolds,,
CGil00,Cullen Gillaspia,,
CHod00,Curtis Hodges,,
CSam00,Curtis Samuel,,
DMon00,D.J. Montgomery,,
DMoo00,D.J. Moore,DJ Moore,
DMet00,D.K. Metcalf,DK Metcalf,
DSwi00,D'Andre Swift,,
DJoh00,D'Ernest Johnson,,
DFor00,D'Onta Foreman,,
DPri00,D'Vonte Price,,
DEsk00,D'Wayne Eskridge,Dee Eskridge,
DPre00,Dak Prescott,,
DGoe00,Dallas Goedert,,
DKen00,Dalton Keene,,
DKin00,Dalton Kincaid,,
DSch00,Dalton Schultz,,
DCoo00,Dalvin Cook,,
DCro00,Damarea Crockett,,
DPie00,Dameon Pierce,,
DHar00,Damien Harris,,
DWil00,Damien Williams,,
DByr00,Damiere Byrd,,
DArn00,Dan Arnold,,
DChi00,Dan Chisena,,
DBel00,Daniel Bellinger,,
DCar00,Daniel Carlson,,
DJon00,Daniel Jones,,
DGra00,Danny Gray,,
DPet00,Dante Pettis,,
DOgu00,Dare Ogunbowale,,
DYou00,Dareke Young,,
DSla00,Darius Slayton,,
DMoo01,Darnell Mooney,,
DWas00,Darnell Washington,,
DWil01,Darrel Williams,,
DDan00,Darrell Daniels,,
DHen00,Darrell Henderson,Darrell Henderson Jr.,
DWal00,Darren Waller,,
DEva00,Darrynton Evans,,
DAda00,Davante Adams,,
DBel01,David Bell,,
DBlo00,David Blough,,
DDur00,David Durden,,
DJoh01,David Johnson,,
DMon01,David Montgomery,,
DMoo02,David Moore,,
DNjo00,David Njoku,,
DSil00,David Sills,David Sills V,
DWel00,David Wells,,
DAll00,Davis Allen,,
DChe00,Davis Cheek,,
DMil00,Davis Mills,,
DWeb00,Davis Webb,,
DKno00,Dawson Knox,,
DMil01,Dax Milne,,
DBal00,Daylen Baldwin,,
DCar01,DeAndre Carter,,
DHop00,DeAndre Hopkins,,
DSam00,Deebo Samuel,,
DDal00,DeeJay Dallas,,
DRob00,Demarcus Robinson,,
DDou00,Demario Douglas,,
DFel00,Demetric Felton,Demetric Felton Jr.,
DPri01,Deneric Prince,,
DHou00,Dennis Houston,,
DMim00,Denzel Mims,,
DJac00,Deon Jackson,,
DHar01,Deonte Harty,,
DCar02,Derek Carr,,
DWat00,Derek Watt,,
DDav00,Derius Davis,,
DGor00,Derrick Gore,,
DHen01,Derrick Henry,,
DJac01,DeSean Jackson,,
DWat01,Deshaun Watson,,
DRid00,Desmond Ridder,,
DVau00,Deuce Vaughn,,
DPar00,DeVante Parker,,
DTho00,Deven Thompkins,,
DAsi00,Devin Asiasi,,
DDuv00,Devin Duvernay,,
DSin00,Devin Singletary,,
DOzi00,Devine Ozigbo,,
DAch00,Devon Achane,De'Von Achane,
DAll01,Devon Allen,,
DSmi00,DeVonta Smith,,
DFit00,Dez Fitzpatrick,,
DPat00,Dezmon Patmon,,
DJoh02,Diontae Johnson,,
DCha00,DJ Chark,DJ Chark Jr.,D.J. Chark
DTur00,DJ Turner,,
DEbe00,Dominik Eberle,,
DPar01,Donald Parham,Donald Parham Jr.,
DPeo00,Donovan Peoples-Jones,,
DWic00,Dontayvion Wicks,,
DHil00,Dontrell Hilliard,,
DTho01,Dorian Thompson-Robinson,,
DLon00,Drake London,,
DLoc00,Drew Lock,,
DSam01,Drew Sample,,
DJoh03,Duke Johnson,Duke Johnson Jr.,
DSmy00,Durham Smythe,,
DHop01,Dustin Hopkins,,
DWas01,Dwayne Washington,,
DBro00,Dyami Brown,,
DDru00,Dylan Drummond,,
EWin00,Easop Winston Jr.,Easop Winston,
ESti00,Easton Stick,,
EPin00,Eddy Pineiro,,
ECoo00,Elijah Cooks,,
EDot00,Elijah Dotson,,
EHig00,Elijah Higgins,,
EMit00,Elijah Mitchell,,
EMoo00,Elijah Moore,,
EWil00,Emanuel Wilson,,
EDem00,Emari Demercado,,
EEme00,Emeka Emezie,,
EBen00,Eno Benjamin,,
EStB00,Equanimeous St. Brown,,
EGra00,Eric Gray,,
ESau00,Eric Saubert,,
ETom00,Eric Tomlinson,,
EEzu00,Erik Ezukanma,,
EFer00,Ethan Fernea,,
EEng00,Evan Engram,,
EHul00,Evan Hull,,
EMcP00,Evan McPherson,,
EEll00,Ezekiel Elliott,,
FFra00,Feleipe Franks,,
FMor00,Foster Moreau,,
FDar00,Frank Darby,,
FSwa00,Freddie Swain,,
GDav00,Gabriel Davis,Gabe Davis,
GMin00,Gardner Minshew II,Gardner Minshew,
GGri00,Garrett Griffin,,
GWil00,Garrett Wilson,,
GBri00,Gary Brightwell,,
GSmi00,Geno Smith,,
GSwa00,Geoff Swaim,,
GKit00,George Kittle,,
GPic00,George Pickens,,
GEve00,Gerald Everett,,
GBer00,Giovani Bernard,,
GRic00,Giovanni Ricci,,
GIgw00,Godwin Igwebuike,,
GGan00,Graham Gano,,
GCal00,Grant Calcaterra,,
GDor00,Greg Dortch,,
GDul00,Greg Dulcich,,
GJos00,Greg Joseph,,
GZue00,Greg Zuerlein,,
GOls00,Gunner Olszewski,,
GEdw00,Gus Edwards,,
HBry00,Harrison Bryant,,
HBut00,Harrison Butker,,
HHas00,Hassan Haskins,,
HHur00,Hayden Hurst,,
HHoo00,Hendon Hooker,,
HPea00,Henry Pearson,,
HHen00,Hunter Henry,,
HKam00,Hunter Kampmoyer,,
HLon00,Hunter Long,,
HLue00,Hunter Luepke,,
HRen00,Hunter Renfrow,,
ITho00,Ian Thomas,,
ISmi00,Ihmir Smith-Marsette,,
ISmi01,Irv Smith Jr.,Irv Smith,
ICha00,Irvin Charles,,
IHod00,Isaiah Hodgins,,
ILik00,Isaiah Likely,,
IMcK00,Isaiah McKenzie,,
ISpi00,Isaiah Spiller,,
IWin00,Isaiah Winstead,,
IPac00,Isiah Pacheco,,
IAba00,Israel Abanikanda,,
JMcK00,J.D. McKissic,JD McKissic,
JTay00,J.J. Taylor,JJ Taylor,
JDob00,J.K. Dobbins,JK Dobbins,
JHol00,J.P. Holtz,JP Holtz,
JCha00,Ja'Marr Chase,,
JSto00,Jack Stoll,,
JEas00,Jacob Eason,,
JHar00,Jacob Harris,,
JHol01,Jacob Hollister,,
JBri00,Jacoby Brissett,,
JDar00,Jaelon Darden,,
JDot00,Jahan Dotson,,
JGib00,Jahmyr Gibbs,,
JBob00,Jake Bobo,,
JBro00,Jake Browning,,
JEll00,Jake Elliott,,
JFer00,Jake Ferguson,,
JFun00,Jake Funk,,
JHae00,Jake Haener,,
JKum00,Jake Kumerow,,
JMoo00,Jake Moody,,
JTon00,Jake Tonges,,
JGra00,Jakeem Grant,,
JJoh00,Jakob Johnson,,
JMey00,Jakobi Meyers,,
JMcL00,Jaleel McLaughlin,,
JBro01,Jalen Brooks,,
JCam00,Jalen Camp,,
JGuy00,Jalen Guyton,,
JHur00,Jalen Hurts,,
JNai00,Jalen Nailor,,
JRea00,Jalen Reagor,,
JTol00,Jalen Tolbert,,
JVir00,Jalen Virgil,,
JHya00,Jalin Hyatt,,
JWil00,Jamaal Williams,,
JAgn00,Jamal Agnew,,
JWin00,Jameis Winston,,
JCon00,James Conner,,
JCoo00,James Cook,,
JMit00,James Mitchell,,
JPro00,James Proche,James Proche II,
JRob00,James Robinson,,
JWas00,James Washington,,
JWin01,James Winchester,,
JWil01,Jameson Williams,,
JCro00,Jamison Crowder,,
JHas00,JaMycal Hasty,Jamycal Hasty,
JBer00,Jared Bernhardt,,
JGof00,Jared Goff,,
JPin00,Jared Pinkney,,
JHal00,Jaren Hall,,
JPat00,Jaret Patterson,,
JSti00,Jarrett Stidham,,
JLan00,Jarvis Landry,,
JCor00,Jashaun Corbin,,
JBro02,Jason Brownlee,,
JCab00,Jason Cabinda,,
JMoo01,Jason Moore,Jason Moore Jr.,
JMye00,Jason Myers,,
JSan00,Jason Sanders,,
JJen00,Jauan Jennings,,
JWim00,Javon Wims,,
JWil02,Javonte Williams,,
JSmi00,Jaxon Smith-Njigba,,
JRee00,Jayden Reed,,
JWad00,Jaylen Waddle,,
JWar00,Jaylen Warren,,
JMoo02,Jaylon Moore,,
JDri00,Jeff Driskel,,
JSmi01,Jeff Smith,,
JWil03,Jeff Wilson,Jeff Wilson Jr.,
JWoo00,Jelani Woods,,
JMcN00,Jeremy McNichols,,
JRuc00,Jeremy Ruckert,,
JMcK01,Jerick McKinnon,,
JJef00,Jermar Jefferson,,
JFor00,Jerome Ford,,
JJeu00,Jerry Jeudy,,
JHor00,Jesper Horsted,,
JJam00,Jesse James,,
JMat00,Jesse Matthews,,
JGar00,Jimmy Garoppolo,,
JGra01,Jimmy Graham,,
JFor01,Jody Fortson,,
JBur00,Joe Burrow,,
JFla00,Joe Flacco,,
JMix00,Joe Mixon,,
JSly00,Joey Slye,,
JBat00,John Bates,,
JBro03,John Brown,,
JFit00,John FitzPatrick,,
JKel00,John Kelly,,
JLov00,John Lovett,,
JMet00,John Metchie,John Metchie III,
JSte00,John Stephens,,
JWol00,John Wolford,,
JJoh01,Johnny Johnson,,
JMun00,Johnny Mundt,,
JMin00,Jonathan Mingo,,
JTay01,Jonathan Taylor,,
JWar01,Jonathan Ward,,
JWil04,Jonathan Williams,,
JSmi02,Jonnu Smith,,
JAdd00,Jordan Addison,,
JAki00,Jordan Akins,,
JHow00,Jordan Howard,,
JLov01,Jordan Love,,
JMas00,Jordan Mason,,
JMat01,Jordan Matthews,,
JMim00,Jordan Mims,,
JTho00,Jordan Thomas,,
JWil05,Jordan Wilkins,,
JAli00,Josh Ali,,
JAll00,Josh Allen,,
JDow00,Josh Downs,,
JGor00,Josh Gordon,,
JJac00,Josh Jacobs,,
JJoh02,Josh Johnson,,
JLam00,Josh Lambo,,
JOli00,Josh Oliver,,
JPal00,Josh Palmer,Joshua Palmer,
JPed00,Josh Pederson,,
JRey00,Josh Reynolds,,
JWhy00,Josh Whyle,,
JDob01,Joshua Dobbs,,
JKel01,Joshua Kelley,,
JDeg00,Josiah Deguara,,
JSmi03,JuJu Smith-Schuster,,
JHil00,Julian Hill,,
JJon00,Julio Jones,,
JChe00,Julius Chestnut,,
JHil01,Justice Hill,,
JFie00,Justin Fields,,
JHar01,Justin Hardee,,
JHer00,Justin Herbert,,
JJac01,Justin Jackson,,
JJef01,Justin Jefferson,,
JSho00,Justin Shorter,,
JTuc00,Justin Tucker,,
JWat00,Justin Watson,,
JRos00,Justyn Ross,,
JJoh03,Juwan Johnson,,
JWin02,Juwann Winfree,,
KOsb00,K.J. Osborn,KJ Osborn,
KFai00,Ka'imi Fairbairn,,
KTon00,Kadarius Toney,,
KSmi00,Kaden Smith,,
KRay00,Kalif Raymond,,
KHun00,Kareem Hunt,,
KTur00,KaVontae Turpin,,
KGei00,Kaylon Geiger,,
KBou00,Kayshon Boutte,,
KVau00,Ke'Shawn Vaughn,,
KIng00,Keaontay Ingram,,
KJac00,Kearis Jackson,,
KMit00,Keaton Mitchell,,
KCol00,Keelan Cole,Keelan Cole Sr.,
KDos00,Keelan Doss,,
KAll00,Keenan Allen,,
KTho00,Keir Thomas,,
KKir00,Keith Kirkwood,,
KSmi01,Keith Smith,,
KCou00,Keke Coutee,,
KBla00,Kendall Blanton,,
KHin00,Kendall Hinton,,
KMil00,Kendre Miller,,
KBou01,Kendrick Bourne,,
KNwa00,Kene Nwangwu,,
KBar00,Kenjon Barner,,
KGai00,Kenneth Gainwell,,
KWal00,Kenneth Walker III,Kenneth Walker,
KGol00,Kenny Golladay,,
KMcI00,Kenny McIntosh,,
KPic00,Kenny Pickett,,
KYeb00,Kenny Yeboah,,
KDra00,Kenyan Drake,,
KHar00,Kevin Harris,,
KRad00,Kevin Rader,,
KWhi00,Kevin White,,
KHod00,KhaDarel Hodge,,
KHer00,Khalil Herbert,,
KSha00,Khalil Shakir,,
KBla01,Khari Blasingame,,
KCou01,Kirk Cousins,,
KMer00,Kirk Merritt,,
KHam00,KJ Hamler,,
KKie00,Ko Kieft,,
KWil00,Kristian Wilkerson,,
KLas00,Kwamie Lassiter II,,
KAll01,Kyle Allen,,
KJus00,Kyle Juszczyk,,
KPhi00,Kyle Philips,,
KPit00,Kyle Pitts,,
KRud00,Kyle Rudolph,,
KTra00,Kyle Trask,,
KGra00,Kylen Granson,,
KMur00,Kyler Murray,,
KHil00,Kylin Hill,,
KWil01,Kyren Williams,,
KMcG00,Kyric McGowan,,
LPer00,La'Mical Perine,,
LJac00,Lamar Jackson,,
LMcC00,Lance McCutcheon,,
LTre00,Laquon Treadwell,,
LRou00,Larry Rountree,Larry Rountree III,
LMur00,Latavius Murray,,
LShe00,Laviska Shenault Jr.,Laviska Shenault,
LCag00,Lawrence Cager,,
LFou00,Leonard Fournette,,
LTay00,Leonard Taylor,,
LWat00,Leroy Watson IV,,
LHum00,Lil'Jordan Humphrey,,
LTho00,Logan Thomas,,
LWoo00,Logan Woodside,,
LHav00,Lucas Havrisik,,
LKru00,Lucas Krull,,
LFar00,Luke Farrell,,
LMus00,Luke Musgrave,,
LSch00,Luke Schoonmaker,,
LBow00,Lynn Bowden Jr.,Lynn Bowden,
MJon00,Mac Jones,,
MHol00,Mack Hollins,,
MBro00,Malcolm Brown,,
MCun00,Malik Cunningham,,
MDav00,Malik Davis,,
MHea00,Malik Heath,,
MKno00,Malik Knowles,,
MTay00,Malik Taylor,,
MTur00,Malik Turner,,
MWil00,Malik Willis,,
MLew00,Marcedes Lewis,,
MJoh00,Marcus Johnson,,
MKem00,Marcus Kemp,,
MMar00,Marcus Mariota,,
MAnd00,Mark Andrews,,
MIng00,Mark Ingram,Mark Ingram II,
MMic00,Marken Michel,,
MMac00,Marlon Mack,,
MCal00,Marquez Callaway,,
MVal00,Marquez Valdes-Scantling,,
MBro01,Marquise Brown,,
MGoo00,Marquise Goodwin,,
MJon01,Marvin Jones,Marvin Jones Jr.,
MMim00,Marvin Mims,Marvin Mims Jr.,
MCro00,Mason Crosby,,
MKin00,Mason Kinsey,,
MRud00,Mason Rudolph,,
MSch00,Mason Schreck,,
MAmm00,Matt Ammendola,,
MBar00,Matt Barkley,,
MBre00,Matt Breida,,
MBus00,Matt Bushman,,
MCor00,Matt Corral,,
MGay00,Matt Gay,,
MPra00,Matt Prater,,
MRya00,Matt Ryan,,
MSok00,Matt Sokol,,
MOrz00,Matthew Orzech,,
MSla00,Matthew Slater,,
MSta00,Matthew Stafford,,
MWri00,Matthew Wright,,
MAle00,Maurice Alexander,,
MDug00,Max Duggan,,
MWil01,Maxx Williams,,
MHar00,Mecole Hardman,Mecole Hardman Jr.,
MGor00,Melvin Gordon,Melvin Gordon III,
MBad00,Michael Badgley,,
MBan00,Michael Bandy,,
MBur00,Michael Burton,,
MCar00,Michael Carter,,
MGal00,Michael Gallup,,
MMay00,Michael Mayer,,
MPit00,Michael Pittman Jr.,Michael Pittman,
MTho00,Michael Thomas,,
MWil02,Michael Wilson,,
MWoo00,Michael Woods II,Michael Woods,
MBoo00,Mike Boone,,
MDav01,Mike Davis,,
MEva00,Mike Evans,,
MGes00,Mike Gesicki,,
MStr00,Mike Strachan,,
MTho01,Mike Thomas,,
MWhi00,Mike White,,
MWil03,Mike Williams,,
MBoy00,Miles Boykin,,
MSan00,Miles Sanders,,
MFor00,Miller Forristall,,
MTin00,Mitchell Tinsley,,
MTru00,Mitchell Trubisky,Mitch Trubisky,
MWil04,Mitchell Wilcox,,
MAli00,Mo Alie-Cox,,
MIbr00,Mohamed Ibrahim,Mo Ibrahim,
MWas00,Montrell Washington,,
MPru00,MyCole Pruitt,,
MGas00,Myles Gaskin,,
NHar00,N'Keal Harry,,
NHar01,Najee Harris,,
NAdk00,Nate Adkins,,
NSud00,Nate Sudfeld,,
NPet00,Nathan Peterman,,
NAgh00,Nelson Agholor,,
NBaw00,Nick Bawden,,
NBel00,Nick Bellore,,
NBoy00,Nick Boyle,,
NChu00,Nick Chubb,,
NFol00,Nick Foles,,
NFol01,Nick Folk,,
NMul00,Nick Mullens,,
NMus00,Nick Muse,,
NSci00,Nick Sciba,,
NVan00,Nick Vannett,,
NWes00,Nick Westbrook-Ikhine,,
NCol00,Nico Collins,,
NKal00,Nikola Kalinic,,
NBro00,Noah Brown,,
NFan00,Noah Fant,,
NGra00,Noah Gray,,
NTog00,Noah Togiai,,
NWeb00,Nsimba Webster,,
NHin00,Nyheim Hines,,
OHow00,O.J. Howard,OJ Howard,
OBec00,Odell Beckham Jr.,Odell Beckham,
OZac00,Olamide Zaccheaus,,
OWri00,Owen Wright,,
PWal00,P.J. Walker,PJ Walker,
PHes00,Parker Hesse,,
PWas00,Parker Washington,,
PCam00,Parris Campbell,,
PFre00,Pat Freiermuth,,
PLai00,Patrick Laird,,
PMah00,Patrick Mahomes,Patrick Mahomes II,
PRic00,Patrick Ricard,,
PTay00,Patrick Taylor,Patrick Taylor Jr.,
PDur00,Payne Durham,,
PHar00,Penny Hart,,
PHen00,Peyton Hendershot,,
PBro00,Pharaoh Brown,,
PCoo00,Pharoh Cooper,,
PDor00,Phillip Dorsett,Phillip Dorsett II,
PLin00,Phillip Lindsay,,
PStr00,Pierre Strong,Pierre Strong Jr.,
PWil00,Preston Williams,,
PFan00,Princeton Fant,,
PNac00,Puka Nacua,,
QOll00,Qadree Ollison,,
QJoh00,Quentin Johnston,,
QWat00,Quez Watkins,,
QNor00,Quinn Nordin,,
QCep00,Quintez Cephus,,
QMor00,Quintin Morris,,
QBel00,Quinton Bell,,
RHen00,Ra'Shaun Henry,,
RMcM00,Racey McMath,,
RWhi00,Rachaad White,,
RBla00,Raheem Blackshear,,
RMos00,Raheem Mostert,,
RJar00,Rakim Jarrett,,
RWeb00,Raleigh Webb,,
RAhm00,Ramiz Ahmed,,
RCob00,Randall Cobb,,
RBul00,Randy Bullock,,
RPen00,Rashaad Penny,,
RHig00,Rashard Higgins,,
RRic00,Rashee Rice,,
RSha00,Rashid Shaheed,,
RBat00,Rashod Bateman,,
RMcC00,Ray-Ray McCloud,Ray-Ray McCloud III,
RBon00,Reggie Bonnafon,,
RGil00,Reggie Gilliam,,
RBur00,Rex Burkhead,,
RSte00,Rhamondre Stevenson,,
RRod00,Richard Rodgers,,
RJam00,Richie James,Richie James Jr.,
RDow00,Rico Dowdle,,
RPat00,Riley Patterson,,
RCra00,River Cracraft,,
RCho00,Robbie Chosen,Chosen Anderson,Robbie Anderson
RGou00,Robbie Gould,,
RTon00,Robert Tonyan,,
RWoo00,Robert Woods,,
RWil00,Rodney Williams,,
RBla01,Rodrigo Blankenship,,
RCar00,Roger Carter,,
RDou00,Romeo Doubs,,
RJon00,Ronald Jones II,Ronald Jones,
RMoo00,Rondale Moore,,
RBel00,Ronnie Bell,,
RRiv00,Ronnie Rivers,,
RJoh00,Roschon Johnson,,
RDwe00,Ross Dwelley,,
RFre00,Royce Freeman,,
RGag00,Russell Gage,,
RWil01,Russell Wilson,,
RGri00,Ryan Griffin,,
RMil00,Ryan Miller,,
RSuc00,Ryan Succop,,
RTan00,Ryan Tannehill,,
SAhm00,Salvon Ahmed,,
SDar00,Sam Darnold,,
SEhl00,Sam Ehlinger,,
SHow00,Sam Howell,,
SLaP00,Sam LaPorta,,
SPer00,Samaje Perine,,
SWat00,Sammy Watkins,,
STou00,Samori Toure,,
SPla00,Sandro Platzgummer,,
SBar00,Saquon Barkley,,
STho00,SaRodorick Thompson Jr.,SaRodorick Thompson,
SMil00,Scott Miller,,
SWas00,Scotty Washington,,
SCli00,Sean Clifford,,
SMcK00,Sean McKeon,,
STuc00,Sean Tucker,,
SZyl00,Shane Zylstra,,
SJac00,Shedrick Jackson,,
SSmi00,Shi Smith,,
SFeh00,Simi Fehoko,,
STho01,Skylar Thompson,,
SMoo00,Skyy Moore,,
SCon00,Snoop Conner,,
SMic00,Sony Michel,,
SBro00,Spencer Brown,,
SBer00,Stanley Berryhill,Stanley Berryhill III,
SMor00,Stanley Morgan Jr.,Stanley Morgna,
SDig00,Stefon Diggs,,
SAnd00,Stephen Anderson,,
SCar00,Stephen Carlson,,
SSul00,Stephen Sullivan,,
SShe00,Sterling Shepard,,
SBen00,Stetson Bennett,,
SSim00,Steven Sims,Steven Sims Jr.,
SSma00,Stone Smartt,,
THoc00,T.J. Hockenson,TJ Hockenson,
THil00,T.Y. Hilton,TY Hilton,
TJon00,Taiwan Jones,,
TBig00,Tank Bigsby,,
TDel00,Tank Dell,,
TCon00,Tanner Conner,,
TGen00,Tanner Gentry,,
THud00,Tanner Hudson,,
TMcK00,Tanner McKee,,
TMar00,Tay Martin,,
TBer00,Taylor Bertolet,,
THei00,Taylor Heinicke,,
THil01,Taysom Hill,,
TQui00,Teagan Quitoriano,,
TBri00,Teddy Bridgewater,,
THig00,Tee Higgins,,
TMar01,Terrace Marshall Jr.,Terrace Marshall,
TByn00,Terrell Bynum,,
TMcL00,Terry McLaurin,,
TCol00,Tevin Coleman,,
TBoy00,Tim Boyle,,
TJon01,Tim Jones,,
TPat00,Tim Patrick,,
TBra00,Tom Brady,,
TKen00,Tom Kennedy,,
TDev00,Tommy DeVito,,
TSwe00,Tommy Sweeney,,
TTre00,Tommy Tremble,,
TJon02,Tony Jones,Tony Jones Jr.,
TPol00,Tony Pollard,,
TCar00,Tory Carter,,
TMcS00,Trace McSorley,,
TEti00,Travis Etienne,Travis Etienne Jr.,
THom00,Travis Homer,,
TKel00,Travis Kelce,,
TWil00,Trayveon Williams,,
TNix00,Tre Nixon,,
TTuc00,Tre Tucker,,
TMcK01,Tre' McKitty,,
TSmi00,Tre'Quan Smith,,
TShe00,Trent Sherfield,,
TTay00,Trent Taylor,,
TCan00,Trenton Cannon,,
TIrw00,Trenton Irwin,,
TEbn00,Trestan Ebner,,
TWes00,Trevon Wesco,,
TLaw00,Trevor Lawrence,,
TSie00,Trevor Siemian,,
TLan00,Trey Lance,,
TMcB00,Trey McBride,,
TPal00,Trey Palmer,,
TSer00,Trey Sermon,,
TBur00,Treylon Burks,,
TBen00,Trinity Benson,,
TJac00,Trishton Jackson,,
TViz00,Tristan Vizcaino,,
THai00,Troy Hairston,,
TTag00,Tua Tagovailoa,,
TFis00,Tucker Fisk,,
TKra00,Tucker Kraft,,
TAtw00,Tutu Atwell,,
TCha00,Ty Chandler,,
TJoh00,Ty Johnson,,
TMon00,Ty Montgomery,Ty Montgomery II,
TWil01,Ty'Son Williams,,
TSpe00,Tyjae Spears,,
TWal00,Tylan Wallace,,
TAll00,Tyler Allgeier,,
TBad00,Tyler Badie,,
TBas00,Tyler Bass,,
TBoy01,Tyler Boyd,,
TCon01,Tyler Conklin,,
TDav00,Tyler Davis,,
TGoo00,Tyler Goodson,,
THig01,Tyler Higbee,,
THun00,Tyler Huntley,,
TJoh01,Tyler Johnson,,
TKro00,Tyler Kroft,,
TLoc00,Tyler Lockett,,
TMab00,Tyler Mabry,,
TSco00,Tyler Scott,,
TTho00,Tyquan Thornton,,
TJac01,Tyree Jackson,,
THil02,Tyreek Hill,,
TCle00,Tyrie Cleveland,,
TDav01,Tyrion Davis-Price,,
TTay01,Tyrod Taylor,,
TJoh02,Tyron Johnson,,
TBag00,Tyson Bagent,,
VJef00,Van Jefferson,,
VJon00,Velus Jones Jr.,Velus Jones,
WRob00,Wan'Dale Robinson,,
WLut00,Wil Lutz,,
WDis00,Will Dissly,,
WLev00,Will Levis,,
WMal00,Will Mallory,,
WSne00,Willie Snead,Willie Snead IV,
XGip00,Xavier Gipson,,
XHut00,Xavier Hutchinson,,
YKoo00,Younghoe Koo,,
ZCha00,Zach Charbonnet,,
ZDav00,Zach Davidson,,
ZErt00,Zach Ertz,,
ZEva00,Zach Evans,,
ZGen00,Zach Gentry,,
ZPas00,Zach Pascal,,
ZWil00,Zach Wilson,,
ZKun00,Zack Kuntz,,
ZMos00,Zack Moss,,
ZWhi00,Zamir White,,
ZHor00,Zander Horvath,,
ZFlo00,Zay Flowers,,
ZJon00,Zay Jones,,
ZKni00,Zonovan Knight,,
Cardinals,Cardinals,Cardinals D/ST,Arizona Cardinals
Falcons,Falcons,Falcons D/ST,Atlanta Falcons
Ravens,Ravens,Ravens D/ST,Baltimore Ravens
Bills,Bills,Bills D/ST,Buffalo Bills
Panthers,Panthers,Panthers D/ST,Carolina Panthers
Bears,Bears,Bears D/ST,Chicago Bears
Bengals,Bengals,Bengals D/ST,Cincinnati Bengals
Browns,Browns,Browns D/ST,Cleveland Browns
Cowboys,Cowboys,Cowboys D/ST,Dallas Cowboys
Broncos,Broncos,Broncos D/ST,Denver Broncos
Lions,Lions,Lions D/ST,Detroit Lions
Packers,Packers,Packers D/ST,Green Bay Packers
Texans,Texans,Texans D/ST,Houston Texans
Colts,Colts,Colts D/ST,Indianapolis Colts
Jaguars,Jaguars,Jaguars D/ST,Jacksonville Jaguars
Chiefs,Chiefs,Chiefs D/ST,Kansas City Chiefs
Chargers,Chargers,Chargers D/ST,Los Angeles Chargers
Rams,Rams,Rams D/ST,Los Angeles Rams
Raiders,Raiders,Raiders D/ST,Las Vegas Raiders
Dolphins,Dolphins,Dolphins D/ST,Miami Dolphins
Vikings,Vikings,Vikings D/ST,Minnesota Vikings
Saints,Saints,Saints D/ST,New Orleans Saints
Patriots,Patriots,Patriots D/ST,New England Patriots
Giants,Giants,Giants D/ST,New York Giants
Jets,Jets,Jets D/ST,New York Jets
Eagles,Eagles,Eagles D/ST,Philadelphia Eagles
Steelers,Steelers,Steelers D/ST,Pittsburgh Steelers
Seahawks,Seahawks,Seahawks D/ST,Seattle Seahawks
49ers,49ers,49ers D/ST,San Francisco 49ers
Buccaneers,Buccaneers,Buccaneers D/ST,Tampa Bay Buccaneers
Titans,Titans,Titans D/ST,Tennessee Titans
Commanders,Commanders,Commanders D/ST,Washington Commanders